{"results":[{"filePath":"https://eeividadecrianca.com.br/./uploads/school_content/logo/front_fav_icon-60a506be1374c4.88290569.png","success":false,"error":{"methodName":"constructor"}},{"filePath":"/favicon.ico","success":false,"error":{"methodName":"constructor"}},{"filePath":"next-steps.html","success":true},{"filePath":"manifest.json","success":true}],"errors":[{"filePath":"https://eeividadecrianca.com.br/./uploads/school_content/logo/front_fav_icon-60a506be1374c4.88290569.png","success":false,"error":{"methodName":"constructor"}},{"filePath":"/favicon.ico","success":false,"error":{"methodName":"constructor"}}]}